antecedent_item,consequent_item,lift,confidence,support,relevance_mba
ANALGESICS,COLD AND FLU,7.294736842105263,0.11403508771929825,0.0015632515632515633,1.0
ANALGESICS,WATER - CARBONATED/FLVRD DRINK,1.7231661831744716,0.07894736842105263,0.0010822510822510823,0.3615830915872358
ANALGESICS,CANDY - CHECKLANE,1.2479332078251617,0.09649122807017543,0.0013227513227513227,0.12396660391258085
ANTACIDS,CIGARETTES,2.3797774244833065,0.18,0.0010822510822510823,0.6898887122416533
APPLES,CITRUS,6.211764705882353,0.10084033613445377,0.001443001443001443,1.0
APPLES,TROPICAL FRUIT,5.418685121107266,0.24369747899159663,0.003487253487253487,1.0
APPLES,SALAD BAR,2.1692969870875176,0.1176470588235294,0.0016835016835016834,0.5846484935437588
APPLES,WATER - CARBONATED/FLVRD DRINK,1.6507642427049558,0.07563025210084033,0.0010822510822510823,0.3253821213524779
BABY FOODS,DIAPERS & DISPOSABLES,10.171699411359988,0.15533980582524273,0.001924001924001924,1.0
BABY FOODS,BABY HBC,8.548715019988578,0.08737864077669903,0.0010822510822510823,1.0
BABY FOODS,SOFT DRINKS,1.0162808065720688,0.17475728155339806,0.0021645021645021645,0.008140403286034381
BABY HBC,DIAPERS & DISPOSABLES,22.340342751273738,0.3411764705882353,0.003487253487253487,1.0
BABY HBC,BABY FOODS,8.548715019988578,0.10588235294117647,0.0010822510822510823,1.0
BAG SNACKS,MILK BY-PRODUCTS,3.3143478260869563,0.019927536231884056,0.0013227513227513227,1.0
BAG SNACKS,SANDWICHES,3.275047258979206,0.02717391304347826,0.0018037518037518038,1.0
BAG SNACKS,WAREHOUSE SNACKS,2.9231018818948735,0.02355072463768116,0.0015632515632515633,0.9615509409474368
BAG SNACKS,FROZEN PIZZA,2.6902173913043477,0.04528985507246377,0.0030062530062530063,0.8451086956521738
BAG SNACKS,CRACKERS/MISC BKD FD,2.40625,0.041666666666666664,0.0027657527657527657,0.703125
BAG SNACKS,HISPANIC,2.2465675057208236,0.03079710144927536,0.002044252044252044,0.6232837528604118
BAG SNACKS,SOFT DRINKS,1.812040133779264,0.31159420289855067,0.02068302068302068,0.406020066889632
BAG SNACKS,COOKIES/CONES,1.807826086956522,0.03260869565217391,0.0021645021645021645,0.40391304347826096
BAG SNACKS,DELI MEATS,1.6960840771667145,0.03079710144927536,0.002044252044252044,0.34804203858335725
BAG SNACKS,VEGETABLES SALAD,1.4940711462450593,0.021739130434782608,0.001443001443001443,0.24703557312252966
BAG SNACKS,LUNCHMEAT,1.478794345158709,0.028985507246376812,0.001924001924001924,0.23939717257935444
BAG SNACKS,CHEESE,1.4545727136431783,0.02536231884057971,0.0016835016835016834,0.22728635682158915
BAG SNACKS,BAKED SWEET GOODS,1.3936985251867458,0.03804347826086957,0.0025252525252525255,0.19684926259337288
BAG SNACKS,BAKED BREAD/BUNS/ROLLS,1.105328449905482,0.04891304347826087,0.003246753246753247,0.052664224952741034
BAG SNACKS,PREPARED FOOD,1.1006551518761167,0.028985507246376812,0.001924001924001924,0.050327575938058366
BAG SNACKS,CANNED JUICES,1.0446683592510313,0.034420289855072464,0.002284752284752285,0.02233417962551565
BAG SNACKS,BEERS/ALES,1.0043478260869565,0.08695652173913043,0.005772005772005772,0.0021739130434782483
BAKED BREAD/BUNS/ROLLS,DINNER SAUSAGE,6.16304347826087,0.024456521739130436,0.0010822510822510823,1.0
BAKED BREAD/BUNS/ROLLS,PNT BTR/JELLY/JAMS,5.178668478260869,0.029891304347826084,0.0013227513227513227,1.0
BAKED BREAD/BUNS/ROLLS,LUNCHMEAT,4.159109095758869,0.08152173913043478,0.0036075036075036075,1.0
BAKED BREAD/BUNS/ROLLS,MEAT - SHELF STABLE,3.8373666940114846,0.024456521739130436,0.0010822510822510823,1.0
BAKED BREAD/BUNS/ROLLS,DELI MEATS,3.292398502735387,0.05978260869565217,0.0026455026455026454,1.0
BAKED BREAD/BUNS/ROLLS,TOMATOES,3.1169415292353824,0.05434782608695653,0.002405002405002405,1.0
BAKED BREAD/BUNS/ROLLS,BEEF,2.5974512743628186,0.08152173913043478,0.0036075036075036075,0.7987256371814093
BAKED BREAD/BUNS/ROLLS,POTATOES,2.3501739130434784,0.03532608695652174,0.0015632515632515633,0.6750869565217392
BAKED BREAD/BUNS/ROLLS,SALADS/DIPS,2.2597826086956525,0.027173913043478264,0.0012025012025012026,0.6298913043478263
BAKED BREAD/BUNS/ROLLS,CHEESE,2.1818590704647676,0.03804347826086957,0.0016835016835016834,0.5909295352323838
BAKED BREAD/BUNS/ROLLS,SUGARS/SWEETNERS,2.0543478260869565,0.03260869565217391,0.001443001443001443,0.5271739130434783
BAKED BREAD/BUNS/ROLLS,COLD CEREAL,2.037508909479686,0.029891304347826084,0.0013227513227513227,0.518754454739843
BAKED BREAD/BUNS/ROLLS,FLUID MILK PRODUCTS,1.6158530926639134,0.18206521739130435,0.008056758056758057,0.3079265463319567
BAKED BREAD/BUNS/ROLLS,ICE CREAM/MILK/SHERBTS,1.3930166765932104,0.024456521739130436,0.0010822510822510823,0.1965083382966052
BAKED BREAD/BUNS/ROLLS,COOKIES/CONES,1.3558695652173915,0.024456521739130436,0.0010822510822510823,0.17793478260869577
BAKED BREAD/BUNS/ROLLS,SOUP,1.3558695652173915,0.024456521739130436,0.0010822510822510823,0.17793478260869577
BAKED BREAD/BUNS/ROLLS,TROPICAL FRUIT,1.2688618925831203,0.05706521739130435,0.0025252525252525255,0.13443094629156016
BAKED BREAD/BUNS/ROLLS,VEGETABLES - ALL OTHERS,1.202012025901943,0.027173913043478264,0.0012025012025012026,0.10100601295097145
BAKED BREAD/BUNS/ROLLS,EGGS,1.155570652173913,0.024456521739130436,0.0010822510822510823,0.07778532608695654
BAKED BREAD/BUNS/ROLLS,BAG SNACKS,1.105328449905482,0.07336956521739131,0.003246753246753247,0.052664224952741034
BAKED BREAD/BUNS/ROLLS,ONIONS,1.105328449905482,0.024456521739130436,0.0010822510822510823,0.052664224952741034
BAKED BREAD/BUNS/ROLLS,REFRGRATD JUICES/DRNKS,1.0890518596123624,0.03260869565217391,0.001443001443001443,0.0445259298061812
BAKED BREAD/BUNS/ROLLS,BREAKFAST SWEETS,1.0444373401534526,0.029891304347826084,0.0013227513227513227,0.022218670076726288
BAKED SWEET GOODS,REFRGRATD JUICES/DRNKS,2.059763282203704,0.06167400881057268,0.0016835016835016834,0.5298816411018521
BAKED SWEET GOODS,FLUID MILK PRODUCTS,1.485705151411149,0.16740088105726872,0.00456950456950457,0.2428525757055745
BAKED SWEET GOODS,BAG SNACKS,1.3936985251867458,0.09251101321585903,0.0025252525252525255,0.19684926259337288
BAKED SWEET GOODS,TROPICAL FRUIT,1.0774812127494169,0.04845814977973568,0.0013227513227513227,0.03874060637470844
BAKED SWEET GOODS,SOFT DRINKS,1.050355811589292,0.18061674008810574,0.004930254930254931,0.02517790579464596
BAKING MIXES,BAKING NEEDS,10.309746328437917,0.1326530612244898,0.0015632515632515633,1.0
BAKING MIXES,SUGARS/SWEETNERS,5.7857142857142865,0.09183673469387756,0.0010822510822510823,1.0
BAKING MIXES,EGGS,4.821428571428572,0.10204081632653061,0.0012025012025012026,1.0
BAKING MIXES,FLUID MILK PRODUCTS,1.2678762006403415,0.14285714285714285,0.0016835016835016834,0.13393810032017073
BAKING NEEDS,BAKING MIXES,10.309746328437917,0.12149532710280374,0.0015632515632515633,1.0
BAKING NEEDS,CAKES,7.17411933860532,0.16822429906542055,0.0021645021645021645,1.0
BAKING NEEDS,GREETING CARDS/WRAP/PARTY SPLY,1.735674033533545,0.08411214953271028,0.0010822510822510823,0.3678370167667725
BATH TISSUES,PAPER TOWELS,19.02974828375286,0.13043478260869565,0.0010822510822510823,1.0
BATH TISSUES,CIGARETTES,2.299301859404161,0.17391304347826086,0.001443001443001443,0.6496509297020805
BEEF,DRY SAUCES/GRAVY,8.134996331621423,0.04597701149425287,0.001443001443001443,1.0
BEEF,PORK,5.622718052738337,0.04597701149425287,0.001443001443001443,1.0
BEEF,VEGETABLES - SHELF STABLE,5.310344827586207,0.0421455938697318,0.0013227513227513227,1.0
BEEF,HISPANIC,4.751361161524501,0.06513409961685823,0.002044252044252044,1.0
BEEF,PEPPERS-ALL,4.611615245009075,0.0421455938697318,0.0013227513227513227,1.0
BEEF,DRY BN/VEG/POTATO/RICE,4.502248875562219,0.04980842911877395,0.0015632515632515633,1.0
BEEF,POTATOES,4.078344827586207,0.06130268199233717,0.001924001924001924,1.0
BEEF,TOMATOES,3.5158145065398334,0.06130268199233717,0.001924001924001924,1.0
BEEF,ONIONS,3.290104947526237,0.07279693486590039,0.002284752284752285,1.0
BEEF,VEGETABLES SALAD,3.1598746081504703,0.04597701149425287,0.001443001443001443,1.0
BEEF,BAKED BREAD/BUNS/ROLLS,2.5974512743628186,0.11494252873563218,0.0036075036075036075,0.7987256371814093
BEEF,SOUP,2.3365517241379314,0.0421455938697318,0.0013227513227513227,0.6682758620689657
BEEF,LUNCHMEAT,2.1502009731330656,0.0421455938697318,0.0013227513227513227,0.5751004865665328
BEEF,VEGETABLES - ALL OTHERS,2.0337490829053557,0.04597701149425287,0.001443001443001443,0.5168745414526779
BEEF,EGGS,1.6293103448275863,0.034482758620689655,0.0010822510822510823,0.31465517241379315
BEEF,BEERS/ALES,1.3275862068965518,0.11494252873563218,0.0036075036075036075,0.1637931034482759
BEERS/ALES,MISC WINE,4.733606557377049,0.034722222222222224,0.0030062530062530063,1.0
BEERS/ALES,LIQUOR,3.035036496350365,0.05,0.004329004329004329,1.0
BEERS/ALES,DOMESTIC WINE,2.75820895522388,0.06666666666666667,0.005772005772005772,0.8791044776119401
BEERS/ALES,TOBACCO OTHER,2.740677966101695,0.019444444444444445,0.0016835016835016834,0.8703389830508474
BEERS/ALES,CITRUS,2.6522222222222225,0.043055555555555555,0.003727753727753728,0.8261111111111112
BEERS/ALES,FRZN ICE,2.5265625,0.03888888888888889,0.003367003367003367,0.7632812499999999
BEERS/ALES,SEAFOOD-FRESH,2.4174418604651167,0.0125,0.0010822510822510823,0.7087209302325583
BEERS/ALES,CHARCOAL AND LIGHTER FLUID,2.40625,0.01388888888888889,0.0012025012025012026,0.703125
BEERS/ALES,IMPORTED WINE,2.3896551724137933,0.016666666666666666,0.001443001443001443,0.6948275862068967
BEERS/ALES,WAREHOUSE SNACKS,1.8962686567164178,0.015277777777777777,0.0013227513227513227,0.4481343283582089
BEERS/ALES,CIGARETTES,1.8729729729729732,0.1416666666666667,0.012265512265512266,0.4364864864864866
BEERS/ALES,DRY BN/VEG/POTATO/RICE,1.5065217391304349,0.016666666666666666,0.001443001443001443,0.25326086956521743
BEERS/ALES,CONDIMENTS/SAUCES,1.406086956521739,0.019444444444444445,0.0016835016835016834,0.20304347826086955
BEERS/ALES,BEEF,1.3275862068965518,0.04166666666666667,0.0036075036075036075,0.1637931034482759
BEERS/ALES,HOUSEHOLD CLEANG NEEDS,1.2455882352941177,0.015277777777777777,0.0013227513227513227,0.12279411764705883
BEERS/ALES,HISPANIC,1.0131578947368423,0.01388888888888889,0.0012025012025012026,0.006578947368421129
BEERS/ALES,BAG SNACKS,1.0043478260869565,0.06666666666666667,0.005772005772005772,0.0021739130434782483
BEERS/ALES,HAIR CARE PRODUCTS,1.0003937007874015,0.015277777777777777,0.0013227513227513227,0.00019685039370076485
BERRIES,GRAPES,19.8,0.18333333333333332,0.0013227513227513227,1.0
BERRIES,VALUE ADDED FRUIT,16.87304347826087,0.23333333333333334,0.0016835016835016834,1.0
BERRIES,TROPICAL FRUIT,6.3,0.2833333333333333,0.002044252044252044,1.0
BOOKSTORE,GREETING CARDS/WRAP/PARTY SPLY,5.6277915632754345,0.27272727272727276,0.002886002886002886,1.0
BOOKSTORE,MAGAZINE,3.5844827586206893,0.125,0.0013227513227513227,1.0
BREAD,TOMATOES,3.9103448275862074,0.06818181818181819,0.0010822510822510823,1.0
BREAD,PREPARED FOOD,2.589041095890411,0.06818181818181819,0.0010822510822510823,0.7945205479452055
BREAD,GREETING CARDS/WRAP/PARTY SPLY,1.4069478908188586,0.06818181818181819,0.0010822510822510823,0.2034739454094293
BREAKFAST SWEETS,NEWSPAPER,3.038363171355499,0.08403361344537816,0.002405002405002405,1.0
BREAKFAST SWEETS,ROLLS,2.5989304812834226,0.037815126050420166,0.0010822510822510823,0.7994652406417113
BREAKFAST SWEETS,REFRGRATD JUICES/DRNKS,1.964564138908575,0.0588235294117647,0.0016835016835016834,0.48228206945428753
BREAKFAST SWEETS,CAKES,1.7918552036199098,0.04201680672268908,0.0012025012025012026,0.3959276018099549
BREAKFAST SWEETS,FLUID MILK PRODUCTS,1.4170381065980286,0.15966386554621848,0.00456950456950457,0.20851905329901432
BREAKFAST SWEETS,TROPICAL FRUIT,1.4013840830449826,0.06302521008403361,0.0018037518037518038,0.20069204152249132
BREAKFAST SWEETS,MAGAZINE,1.0843813387423933,0.037815126050420166,0.0010822510822510823,0.04219066937119664
BREAKFAST SWEETS,BAKED BREAD/BUNS/ROLLS,1.0444373401534526,0.04621848739495798,0.0013227513227513227,0.022218670076726288
BROOMS AND MOPS,HOUSEHOLD CLEANG NEEDS,20.816020025031285,0.2553191489361702,0.001443001443001443,1.0
CAKES,FLORAL BALLOONS,8.3438127090301,0.046153846153846156,0.0010822510822510823,1.0
CAKES,BAKING NEEDS,7.17411933860532,0.09230769230769231,0.0021645021645021645,1.0
CAKES,CANDLES/ACCESSORIES,6.733603238866397,0.046153846153846156,0.0010822510822510823,1.0
CAKES,GREETING CARDS/WRAP/PARTY SPLY,3.59793853788891,0.17435897435897435,0.004088504088504088,1.0
CAKES,ICE CREAM/MILK/SHERBTS,2.6288724973656485,0.046153846153846156,0.0010822510822510823,0.8144362486828243
CAKES,BREAKFAST SWEETS,1.7918552036199096,0.05128205128205129,0.0012025012025012026,0.3959276018099548
CANDLES/ACCESSORIES,CAKES,6.7336032388663964,0.15789473684210525,0.0010822510822510823,1.0
CANDLES/ACCESSORIES,GREETING CARDS/WRAP/PARTY SPLY,4.706281833616299,0.2280701754385965,0.0015632515632515633,1.0
CANDY - CHECKLANE,WAREHOUSE SNACKS,1.9303173092546597,0.015552099533437015,0.0012025012025012026,0.46515865462732986
CANDY - CHECKLANE,CANDY - PACKAGED,1.5354396131148937,0.08087091757387248,0.006253006253006253,0.26771980655744687
CANDY - CHECKLANE,MAKEUP AND TREATMENT,1.4975198493901938,0.017107309486780714,0.0013227513227513227,0.2487599246950969
CANDY - CHECKLANE,COLD AND FLU,1.4922837660007178,0.02332814930015552,0.0018037518037518038,0.24614188300035889
CANDY - CHECKLANE,WATER - CARBONATED/FLVRD DRINK,1.3578085009980285,0.06220839813374806,0.00481000481000481,0.17890425049901426
CANDY - CHECKLANE,FEMININE HYGIENE,1.3379095833109884,0.01866251944012442,0.001443001443001443,0.1689547916554942
CANDY - CHECKLANE,DIAPERS & DISPOSABLES,1.3238632884730779,0.02021772939346812,0.0015632515632515633,0.16193164423653894
CANDY - CHECKLANE,FIRST AID PRODUCTS,1.3051778503859488,0.017107309486780714,0.0013227513227513227,0.1525889251929744
CANDY - CHECKLANE,SOFT DRINKS,1.2752243091278863,0.21928460342146192,0.016955266955266956,0.13761215456394316
CANDY - CHECKLANE,ANALGESICS,1.2479332078251617,0.017107309486780714,0.0013227513227513227,0.12396660391258085
CANDY - CHECKLANE,DELI MEATS,1.113447931364774,0.02021772939346812,0.0015632515632515633,0.05672396568238702
CANDY - CHECKLANE,COUPON/MISC ITEMS,1.062996655233388,0.027993779160186628,0.0021645021645021645,0.03149832761669402
CANDY - CHECKLANE,LUNCHMEAT,1.0314763045158335,0.02021772939346812,0.0015632515632515633,0.01573815225791675
CANDY - CHECKLANE,STATIONERY & SCHOOL SUPPLIES,1.015690521361745,0.02332814930015552,0.0018037518037518038,0.007845260680872546
CANDY - PACKAGED,CHRISTMAS  SEASONAL,2.476474091721262,0.02054794520547945,0.0010822510822510823,0.7382370458606311
CANDY - PACKAGED,STATIONERY & SCHOOL SUPPLIES,2.1869038227067343,0.0502283105022831,0.0026455026455026454,0.5934519113533672
CANDY - PACKAGED,FIRST AID PRODUCTS,2.090235013195928,0.0273972602739726,0.001443001443001443,0.5451175065979641
CANDY - PACKAGED,GREETING CARDS/WRAP/PARTY SPLY,1.6960467724939663,0.0821917808219178,0.004329004329004329,0.34802338624698315
CANDY - PACKAGED,COOKIES/CONES,1.6454794520547948,0.029680365296803655,0.0015632515632515633,0.3227397260273974
CANDY - PACKAGED,CANDY - CHECKLANE,1.535439613114894,0.11872146118721462,0.006253006253006253,0.267719806557447
CANDY - PACKAGED,FLORAL-FRESH CUT,1.4304747607431039,0.02511415525114155,0.0013227513227513227,0.21523738037155193
CANDY - PACKAGED,WATER - CARBONATED/FLVRD DRINK,1.0464890518822134,0.04794520547945206,0.0025252525252525255,0.02324452594110671
CANDY - PACKAGED,COUPON/MISC ITEMS,1.040345280540439,0.0273972602739726,0.001443001443001443,0.020172640270219477
CANNED JUICES,FLUID MILK PRODUCTS,4.048874728322258,0.4562043795620438,0.01503126503126503,1.0
CANNED JUICES,EGGS,3.7937956204379564,0.08029197080291971,0.0026455026455026454,1.0
CANNED JUICES,LIQUOR,3.1014971495551173,0.051094890510948905,0.0016835016835016834,1.0
CANNED JUICES,COLD CEREAL,2.7365083163814767,0.040145985401459854,0.0013227513227513227,0.8682541581907384
CANNED JUICES,CHEESE,2.7210672036244654,0.04744525547445256,0.0015632515632515633,0.8605336018122327
CANNED JUICES,PREPARED FOOD,1.2472752724727527,0.032846715328467155,0.0010822510822510823,0.12363763623637636
CANNED JUICES,BAG SNACKS,1.0446683592510313,0.06934306569343066,0.002284752284752285,0.02233417962551565
CARROTS,VEGETABLES - ALL OTHERS,9.540675844806007,0.2156862745098039,0.0013227513227513227,1.0
CARROTS,ONIONS,7.975703324808183,0.1764705882352941,0.0010822510822510823,1.0
CHARCOAL AND LIGHTER FLUID,BEERS/ALES,2.40625,0.20833333333333334,0.0012025012025012026,0.703125
CHEESE,EGGS,4.887931034482759,0.10344827586206896,0.0018037518037518038,1.0
CHEESE,COLD CEREAL,4.230864895421142,0.06206896551724138,0.0010822510822510823,1.0
CHEESE,LUNCHMEAT,3.5185106833086524,0.06896551724137931,0.0012025012025012026,1.0
CHEESE,CANNED JUICES,2.721067203624465,0.0896551724137931,0.0015632515632515633,0.8605336018122325
CHEESE,BAKED BREAD/BUNS/ROLLS,2.181859070464767,0.09655172413793102,0.0016835016835016834,0.5909295352323836
CHEESE,FLUID MILK PRODUCTS,1.8974423140617522,0.21379310344827585,0.003727753727753728,0.4487211570308761
CHEESE,BAG SNACKS,1.454572713643178,0.09655172413793102,0.0016835016835016834,0.22728635682158904
CHEESES,DELI MEATS,23.602649006622517,0.42857142857142855,0.005411255411255411,1.0
CHEESES,ROLLS,8.50909090909091,0.12380952380952381,0.0015632515632515633,1.0
CHEESES,TROPICAL FRUIT,2.3294117647058825,0.10476190476190476,0.0013227513227513227,0.6647058823529413
CHEESES,FLUID MILK PRODUCTS,1.0988260405549626,0.12380952380952381,0.0015632515632515633,0.04941302027748129
CHICKEN/POULTRY,PREPARED FOOD,8.18571077024034,0.21556886227544908,0.004329004329004329,1.0
CHICKEN/POULTRY,SALADS/DIPS,4.979640718562874,0.059880239520958084,0.0012025012025012026,1.0
CHICKEN/POULTRY,REFRGRATD JUICES/DRNKS,2.3998268523194572,0.0718562874251497,0.001443001443001443,0.6999134261597286
CHICKEN/POULTRY,SALAD BAR,2.208266394041186,0.11976047904191617,0.002405002405002405,0.604133197020593
CHICKEN/POULTRY,SOFT DRINKS,1.3580838323353295,0.23353293413173654,0.00468975468975469,0.17904191616766474
CHICKEN/POULTRY,CIGARETTES,1.0291785268889884,0.07784431137724551,0.0015632515632515633,0.014589263444494183
CHRISTMAS  SEASONAL,STATIONERY & SCHOOL SUPPLIES,6.3100386979285235,0.14492753623188406,0.0012025012025012026,1.0
CHRISTMAS  SEASONAL,CANDY - PACKAGED,2.4764740917212626,0.13043478260869565,0.0010822510822510823,0.7382370458606313
CIGARETTES,FUEL,9.214626391096978,0.036565977742448325,0.0027657527657527657,1.0
CIGARETTES,TOBACCO OTHER,3.5853520519522513,0.02543720190779014,0.001924001924001924,1.0
CIGARETTES,PREPAID WIRELESS&ACCESSORIES,2.7833654087524056,0.019077901430842606,0.001443001443001443,0.8916827043762028
CIGARETTES,ANTACIDS,2.3797774244833065,0.014308426073131954,0.0010822510822510823,0.6898887122416533
CIGARETTES,BATH TISSUES,2.299301859404161,0.019077901430842606,0.001443001443001443,0.6496509297020805
CIGARETTES,BEERS/ALES,1.8729729729729732,0.16216216216216217,0.012265512265512266,0.4364864864864866
CIGARETTES,LIQUOR,1.4475531779095538,0.023847376788553257,0.0018037518037518038,0.22377658895477692
CIGARETTES,FRZN ICE,1.3427563593004768,0.02066772655007949,0.0015632515632515633,0.17137817965023838
CIGARETTES,FEMININE HYGIENE,1.1397401458253384,0.01589825119236884,0.0012025012025012026,0.06987007291266922
CIGARETTES,DOMESTIC WINE,1.052416771468571,0.02543720190779014,0.001924001924001924,0.026208385734285522
CIGARETTES,MAGAZINE,1.0485609341593112,0.036565977742448325,0.0027657527657527657,0.024280467079655588
CIGARETTES,COFFEE,1.0462650547288719,0.017488076311605722,0.0013227513227513227,0.02313252736443594
CIGARETTES,CHICKEN/POULTRY,1.0291785268889881,0.02066772655007949,0.0015632515632515633,0.014589263444494072
CITRUS,APPLES,6.211764705882353,0.08888888888888889,0.001443001443001443,1.0
CITRUS,VEGETABLES - ALL OTHERS,4.259574468085107,0.09629629629629631,0.0015632515632515633,1.0
CITRUS,TROPICAL FRUIT,3.6235294117647063,0.16296296296296298,0.0026455026455026454,1.0
CITRUS,ONIONS,3.01304347826087,0.06666666666666668,0.0010822510822510823,1.0
CITRUS,BEERS/ALES,2.6522222222222225,0.22962962962962966,0.003727753727753728,0.8261111111111112
COFFEE,COFFEE FILTERS,20.630116596378073,0.07194244604316548,0.0012025012025012026,1.0
COFFEE,SUGARS/SWEETNERS,4.985611510791368,0.07913669064748202,0.0013227513227513227,1.0
COFFEE,CIGARETTES,1.0462650547288719,0.07913669064748202,0.0013227513227513227,0.02313252736443594
COFFEE,FLUID MILK PRODUCTS,1.0215980897245918,0.11510791366906475,0.001924001924001924,0.010799044862295881
COFFEE FILTERS,COFFEE,20.630116596378073,0.3448275862068966,0.0012025012025012026,1.0
COLD AND FLU,SINUS AND ALLERGY,9.382153846153846,0.0846153846153846,0.0013227513227513227,1.0
COLD AND FLU,ANALGESICS,7.294736842105264,0.1,0.0015632515632515633,1.0
COLD AND FLU,WATER - CARBONATED/FLVRD DRINK,1.6789824348879467,0.07692307692307693,0.0012025012025012026,0.33949121744397337
COLD AND FLU,CANDY - CHECKLANE,1.4922837660007178,0.11538461538461538,0.0018037518037518038,0.24614188300035889
COLD CEREAL,EGGS,5.422131147540983,0.11475409836065573,0.0016835016835016834,1.0
COLD CEREAL,FLUID MILK PRODUCTS,4.946795668072151,0.5573770491803278,0.008177008177008177,1.0
COLD CEREAL,CHEESE,4.230864895421141,0.07377049180327869,0.0010822510822510823,1.0
COLD CEREAL,CANNED JUICES,2.7365083163814763,0.0901639344262295,0.0013227513227513227,0.8682541581907381
COLD CEREAL,BAKED BREAD/BUNS/ROLLS,2.037508909479686,0.0901639344262295,0.0013227513227513227,0.518754454739843
CONDIMENTS/SAUCES,SALD DRSNG/SNDWCH SPRD,7.575652173913043,0.09565217391304347,0.0013227513227513227,1.0
CONDIMENTS/SAUCES,BEERS/ALES,1.406086956521739,0.1217391304347826,0.0016835016835016834,0.20304347826086955
CONVENIENT BRKFST/WHLSM SNACKS,FLUID MILK PRODUCTS,1.5254135538954106,0.17187499999999997,0.0013227513227513227,0.2627067769477053
CONVENIENT BRKFST/WHLSM SNACKS,SOFT DRINKS,1.0903846153846155,0.1875,0.001443001443001443,0.045192307692307754
COOKIES/CONES,ICE CREAM/MILK/SHERBTS,3.797260273972604,0.06666666666666668,0.0012025012025012026,1.0
COOKIES/CONES,CRACKERS/MISC BKD FD,3.4650000000000003,0.060000000000000005,0.0010822510822510823,1.0
COOKIES/CONES,BAG SNACKS,1.8078260869565217,0.12000000000000001,0.0021645021645021645,0.40391304347826085
COOKIES/CONES,CANDY - PACKAGED,1.6454794520547948,0.08666666666666668,0.0015632515632515633,0.3227397260273974
COOKIES/CONES,TROPICAL FRUIT,1.4823529411764709,0.06666666666666668,0.0012025012025012026,0.24117647058823544
COOKIES/CONES,BAKED BREAD/BUNS/ROLLS,1.3558695652173915,0.060000000000000005,0.0010822510822510823,0.17793478260869577
COOKIES/CONES,SOFT DRINKS,1.046769230769231,0.18000000000000002,0.003246753246753247,0.023384615384615448
COUPON/MISC ITEMS,COUPONS/STORE & MFG,31.896986301369864,0.19178082191780824,0.005050505050505051,1.0
COUPON/MISC ITEMS,GREETING CARDS/WRAP/PARTY SPLY,2.0729460552704033,0.1004566210045662,0.0026455026455026454,0.5364730276352017
COUPON/MISC ITEMS,STATIONERY & SCHOOL SUPPLIES,1.7892849458509645,0.0410958904109589,0.0010822510822510823,0.39464247292548227
COUPON/MISC ITEMS,CANDY - CHECKLANE,1.062996655233388,0.0821917808219178,0.0021645021645021645,0.03149832761669402
COUPON/MISC ITEMS,CANDY - PACKAGED,1.040345280540439,0.0547945205479452,0.001443001443001443,0.020172640270219477
COUPONS/STORE & MFG,COUPON/MISC ITEMS,31.896986301369864,0.8400000000000001,0.005050505050505051,1.0
CRACKERS/MISC BKD FD,SOUP,4.62,0.08333333333333333,0.001443001443001443,1.0
CRACKERS/MISC BKD FD,COOKIES/CONES,3.4650000000000003,0.0625,0.0010822510822510823,1.0
CRACKERS/MISC BKD FD,BAG SNACKS,2.4062499999999996,0.1597222222222222,0.0027657527657527657,0.7031249999999998
CRACKERS/MISC BKD FD,TROPICAL FRUIT,1.3897058823529413,0.0625,0.0010822510822510823,0.19485294117647067
CRACKERS/MISC BKD FD,SOFT DRINKS,1.373076923076923,0.2361111111111111,0.004088504088504088,0.18653846153846154
CRACKERS/MISC BKD FD,SALAD BAR,1.152439024390244,0.0625,0.0010822510822510823,0.07621951219512202
DELI MEATS,CHEESES,23.602649006622514,0.29801324503311255,0.005411255411255411,1.0
DELI MEATS,BAKED BREAD/BUNS/ROLLS,3.292398502735387,0.1456953642384106,0.0026455026455026454,1.0
DELI MEATS,TROPICAL FRUIT,2.2088040514218936,0.09933774834437087,0.0018037518037518038,0.6044020257109468
DELI MEATS,BAG SNACKS,1.6960840771667145,0.11258278145695363,0.002044252044252044,0.34804203858335725
DELI MEATS,SALAD BAR,1.4653529316750122,0.07947019867549669,0.001443001443001443,0.23267646583750612
DELI MEATS,WATER - CARBONATED/FLVRD DRINK,1.3009334098138394,0.059602649006622516,0.0010822510822510823,0.1504667049069197
DELI MEATS,FLUID MILK PRODUCTS,1.1167386402991089,0.12582781456953643,0.002284752284752285,0.05836932014955443
DELI MEATS,CANDY - CHECKLANE,1.113447931364774,0.08609271523178809,0.0015632515632515633,0.05672396568238702
DIAPERS & DISPOSABLES,BABY HBC,22.340342751273738,0.2283464566929134,0.003487253487253487,1.0
DIAPERS & DISPOSABLES,BABY FOODS,10.171699411359988,0.12598425196850394,0.001924001924001924,1.0
DIAPERS & DISPOSABLES,CANDY - CHECKLANE,1.3238632884730779,0.10236220472440946,0.0015632515632515633,0.16193164423653894
DIAPERS & DISPOSABLES,FLUID MILK PRODUCTS,1.048244102891621,0.11811023622047244,0.0018037518037518038,0.024122051445810477
DINNER SAUSAGE,BAKED BREAD/BUNS/ROLLS,6.163043478260871,0.27272727272727276,0.0010822510822510823,1.0
DOMESTIC WINE,IMPORTED WINE,12.126608337622232,0.08457711442786069,0.002044252044252044,1.0
DOMESTIC WINE,LIQUOR,3.9259178559755963,0.06467661691542288,0.0015632515632515633,1.0
DOMESTIC WINE,BEERS/ALES,2.7582089552238807,0.23880597014925373,0.005772005772005772,0.8791044776119403
DOMESTIC WINE,CIGARETTES,1.0524167714685713,0.07960199004975124,0.001924001924001924,0.026208385734285633
DOMESTIC WINE,GREETING CARDS/WRAP/PARTY SPLY,1.0266286433835785,0.04975124378109453,0.0012025012025012026,0.013314321691789255
DRY BN/VEG/POTATO/RICE,BEEF,4.50224887556222,0.14130434782608697,0.0015632515632515633,1.0
DRY BN/VEG/POTATO/RICE,TROPICAL FRUIT,2.1751918158567776,0.09782608695652174,0.0010822510822510823,0.5875959079283888
DRY BN/VEG/POTATO/RICE,BEERS/ALES,1.5065217391304349,0.13043478260869565,0.001443001443001443,0.25326086956521743
DRY BN/VEG/POTATO/RICE,FLUID MILK PRODUCTS,1.3505637789429725,0.15217391304347827,0.0016835016835016834,0.17528188947148626
DRY SAUCES/GRAVY,BEEF,8.134996331621423,0.2553191489361702,0.001443001443001443,1.0
EGGS,COLD CEREAL,5.422131147540983,0.07954545454545454,0.0016835016835016834,1.0
EGGS,CHEESE,4.887931034482759,0.08522727272727273,0.0018037518037518038,1.0
EGGS,BAKING MIXES,4.821428571428572,0.05681818181818182,0.0012025012025012026,1.0
EGGS,CANNED JUICES,3.793795620437956,0.125,0.0026455026455026454,1.0
EGGS,FLUID MILK PRODUCTS,3.479455709711847,0.3920454545454546,0.008297258297258298,1.0
EGGS,BEEF,1.6293103448275863,0.05113636363636364,0.0010822510822510823,0.31465517241379315
EGGS,TROPICAL FRUIT,1.5160427807486634,0.06818181818181819,0.001443001443001443,0.2580213903743317
EGGS,BAKED BREAD/BUNS/ROLLS,1.155570652173913,0.05113636363636364,0.0010822510822510823,0.07778532608695654
EYE AND EAR CARE PRODUCTS,ORAL HYGIENE PRODUCTS,11.801324503311259,0.21428571428571427,0.0010822510822510823,1.0
FD WRAPS/BAGS/TRSH BG,STATIONERY & SCHOOL SUPPLIES,4.40284722630743,0.10112359550561797,0.0010822510822510823,1.0
FD WRAPS/BAGS/TRSH BG,SOFT DRINKS,1.0454624027657735,0.1797752808988764,0.001924001924001924,0.022731201382886757
FEMININE HYGIENE,CANDY - CHECKLANE,1.3379095833109884,0.10344827586206896,0.001443001443001443,0.1689547916554942
FEMININE HYGIENE,CIGARETTES,1.1397401458253384,0.08620689655172414,0.0012025012025012026,0.06987007291266922
FILM AND CAMERA PRODUCTS,GREETING CARDS/WRAP/PARTY SPLY,4.642928039702233,0.22499999999999998,0.0010822510822510823,1.0
FIRST AID PRODUCTS,ORAL HYGIENE PRODUCTS,5.557810316544139,0.10091743119266054,0.0013227513227513227,1.0
FIRST AID PRODUCTS,CANDY - PACKAGED,2.090235013195928,0.11009174311926606,0.001443001443001443,0.5451175065979641
FIRST AID PRODUCTS,WATER - CARBONATED/FLVRD DRINK,1.8022105035035758,0.08256880733944955,0.0010822510822510823,0.4011052517517879
FIRST AID PRODUCTS,CANDY - CHECKLANE,1.3051778503859488,0.10091743119266054,0.0013227513227513227,0.1525889251929744
FLORAL BALLOONS,FLORAL-FRESH CUT,19.811792733770105,0.3478260869565218,0.001924001924001924,1.0
FLORAL BALLOONS,CAKES,8.3438127090301,0.1956521739130435,0.0010822510822510823,1.0
FLORAL BALLOONS,GREETING CARDS/WRAP/PARTY SPLY,7.17747329809041,0.3478260869565218,0.001924001924001924,1.0
FLORAL-FLOWERING PLANTS,GREETING CARDS/WRAP/PARTY SPLY,10.317617866004962,0.5,0.001443001443001443,1.0
FLORAL-FRESH CUT,FLORAL BALLOONS,19.811792733770105,0.10958904109589042,0.001924001924001924,1.0
FLORAL-FRESH CUT,GREETING CARDS/WRAP/PARTY SPLY,6.92552432101703,0.3356164383561644,0.005892255892255892,1.0
FLORAL-FRESH CUT,CANDY - PACKAGED,1.4304747607431036,0.07534246575342465,0.0013227513227513227,0.21523738037155182
FLOUR & MEALS,SUGARS/SWEETNERS,13.186046511627909,0.20930232558139536,0.0010822510822510823,1.0
FLUID MILK PRODUCTS,FRZN JCE CONC/DRNKS,5.91675560298826,0.012806830309498399,0.001443001443001443,1.0
FLUID MILK PRODUCTS,COLD CEREAL,4.946795668072152,0.07257203842049093,0.008177008177008177,1.0
FLUID MILK PRODUCTS,CANNED JUICES,4.048874728322258,0.13340448239060831,0.01503126503126503,1.0
FLUID MILK PRODUCTS,EGGS,3.4794557097118464,0.0736392742796158,0.008297258297258298,1.0
FLUID MILK PRODUCTS,YOGURT,1.9923768867205363,0.011739594450373531,0.0013227513227513227,0.4961884433602681
FLUID MILK PRODUCTS,CHEESE,1.8974423140617525,0.033084311632870865,0.003727753727753728,0.4487211570308762
FLUID MILK PRODUCTS,MARGARINES,1.831376734258271,0.013874066168623266,0.0015632515632515633,0.4156883671291355
FLUID MILK PRODUCTS,PNT BTR/JELLY/JAMS,1.6640875133404482,0.0096051227321238,0.0010822510822510823,0.3320437566702241
FLUID MILK PRODUCTS,BAKED BREAD/BUNS/ROLLS,1.6158530926639139,0.07150480256136607,0.008056758056758057,0.30792654633195693
FLUID MILK PRODUCTS,SUGARS/SWEETNERS,1.5464247598719316,0.02454642475987193,0.0027657527657527657,0.2732123799359658
FLUID MILK PRODUCTS,CONVENIENT BRKFST/WHLSM SNACKS,1.5254135538954106,0.011739594450373531,0.0013227513227513227,0.2627067769477053
FLUID MILK PRODUCTS,TROPICAL FRUIT,1.4950091028940926,0.0672358591248666,0.007575757575757576,0.2475045514470463
FLUID MILK PRODUCTS,BAKED SWEET GOODS,1.485705151411149,0.04055496264674493,0.00456950456950457,0.2428525757055745
FLUID MILK PRODUCTS,BREAKFAST SWEETS,1.4170381065980286,0.04055496264674493,0.00456950456950457,0.20851905329901432
FLUID MILK PRODUCTS,DRY BN/VEG/POTATO/RICE,1.3505637789429725,0.014941302027748132,0.0016835016835016834,0.17528188947148626
FLUID MILK PRODUCTS,REFRGRATD DOUGH PRODUCTS,1.344717182497332,0.010672358591248666,0.0012025012025012026,0.17235859124866604
FLUID MILK PRODUCTS,BAKING MIXES,1.2678762006403415,0.014941302027748132,0.0016835016835016834,0.13393810032017073
FLUID MILK PRODUCTS,SOUP,1.1833511205976521,0.021344717182497332,0.002405002405002405,0.09167556029882606
FLUID MILK PRODUCTS,DELI MEATS,1.1167386402991086,0.020277481323372464,0.002284752284752285,0.058369320149554316
FLUID MILK PRODUCTS,CHEESES,1.0988260405549626,0.013874066168623266,0.0015632515632515633,0.04941302027748129
FLUID MILK PRODUCTS,DIAPERS & DISPOSABLES,1.048244102891621,0.016008537886873,0.0018037518037518038,0.024122051445810477
FLUID MILK PRODUCTS,REFRGRATD JUICES/DRNKS,1.0336500752208406,0.03094983991462113,0.003487253487253487,0.016825037610420313
FLUID MILK PRODUCTS,COFFEE,1.0215980897245918,0.017075773745997867,0.001924001924001924,0.010799044862295881
FROZEN PIZZA,BAG SNACKS,2.6902173913043477,0.17857142857142858,0.0030062530062530063,0.8451086956521738
FROZEN PIZZA,SOFT DRINKS,1.993846153846154,0.34285714285714286,0.005772005772005772,0.496923076923077
FRZN ICE,BEERS/ALES,2.5265625,0.21874999999999997,0.003367003367003367,0.7632812499999999
FRZN ICE,CIGARETTES,1.3427563593004768,0.1015625,0.0015632515632515633,0.17137817965023838
FRZN ICE,SOFT DRINKS,1.1358173076923077,0.1953125,0.0030062530062530063,0.06790865384615385
FRZN JCE CONC/DRNKS,FLUID MILK PRODUCTS,5.9167556029882595,0.6666666666666666,0.001443001443001443,1.0
FRZN MEAT/MEAT DINNERS,SOFT DRINKS,1.1013986013986017,0.18939393939393942,0.0030062530062530063,0.05069930069930084
FUEL,CIGARETTES,9.21462639109698,0.696969696969697,0.0027657527657527657,1.0
GRAPES,BERRIES,19.799999999999997,0.14285714285714285,0.0013227513227513227,1.0
GRAPES,VALUE ADDED FRUIT,9.391304347826088,0.12987012987012989,0.0012025012025012026,1.0
GRAPES,TROPICAL FRUIT,4.620320855614974,0.2077922077922078,0.001924001924001924,1.0
GREETING CARDS/WRAP/PARTY SPLY,FLORAL-FLOWERING PLANTS,10.317617866004962,0.02977667493796526,0.001443001443001443,1.0
GREETING CARDS/WRAP/PARTY SPLY,ROSES,8.145487788951286,0.03722084367245657,0.0018037518037518038,1.0
GREETING CARDS/WRAP/PARTY SPLY,FLORAL BALLOONS,7.177473298090409,0.03970223325062035,0.001924001924001924,1.0
GREETING CARDS/WRAP/PARTY SPLY,FLORAL-FRESH CUT,6.92552432101703,0.12158808933002481,0.005892255892255892,1.0
GREETING CARDS/WRAP/PARTY SPLY,BOOKSTORE,5.6277915632754345,0.05955334987593052,0.002886002886002886,1.0
GREETING CARDS/WRAP/PARTY SPLY,CANDLES/ACCESSORIES,4.706281833616299,0.03225806451612903,0.0015632515632515633,1.0
GREETING CARDS/WRAP/PARTY SPLY,FILM AND CAMERA PRODUCTS,4.642928039702233,0.022332506203473945,0.0010822510822510823,1.0
GREETING CARDS/WRAP/PARTY SPLY,CAKES,3.59793853788891,0.08436724565756823,0.004088504088504088,1.0
GREETING CARDS/WRAP/PARTY SPLY,COUPON/MISC ITEMS,2.0729460552704033,0.05459057071960297,0.0026455026455026454,0.5364730276352017
GREETING CARDS/WRAP/PARTY SPLY,BAKING NEEDS,1.735674033533545,0.022332506203473945,0.0010822510822510823,0.3678370167667725
GREETING CARDS/WRAP/PARTY SPLY,CANDY - PACKAGED,1.6960467724939663,0.08933002481389578,0.004329004329004329,0.34802338624698315
GREETING CARDS/WRAP/PARTY SPLY,BREAD,1.4069478908188586,0.022332506203473945,0.0010822510822510823,0.2034739454094293
GREETING CARDS/WRAP/PARTY SPLY,STATIONERY & SCHOOL SUPPLIES,1.2964546009639744,0.02977667493796526,0.001443001443001443,0.14822730048198718
GREETING CARDS/WRAP/PARTY SPLY,MAGAZINE,1.0673397792418926,0.03722084367245657,0.0018037518037518038,0.0336698896209463
GREETING CARDS/WRAP/PARTY SPLY,DOMESTIC WINE,1.0266286433835783,0.02481389578163772,0.0012025012025012026,0.013314321691789144
HAIR CARE PRODUCTS,MAKEUP AND TREATMENT,6.203398259428098,0.07086614173228346,0.0010822510822510823,1.0
HAIR CARE PRODUCTS,ORAL HYGIENE PRODUCTS,3.9028002294415187,0.07086614173228346,0.0010822510822510823,1.0
HAIR CARE PRODUCTS,BEERS/ALES,1.0003937007874015,0.08661417322834646,0.0013227513227513227,0.00019685039370076485
HAND/BODY/FACIAL PRODUCTS,MAKEUP AND TREATMENT,13.821606648199444,0.15789473684210525,0.0010822510822510823,1.0
HERBS,PEPPERS-ALL,17.277008310249307,0.15789473684210525,0.0010822510822510823,1.0
HERBS,VEGETABLES - ALL OTHERS,14.744680851063832,0.33333333333333337,0.002284752284752285,1.0
HERBS,ONIONS,11.100686498855834,0.24561403508771928,0.0016835016835016834,1.0
HERBS,VEGETABLES SALAD,10.851674641148325,0.15789473684210525,0.0010822510822510823,1.0
HISPANIC,PEPPERS-ALL,8.638504155124654,0.07894736842105263,0.0010822510822510823,1.0
HISPANIC,VEGETABLES SALAD,6.028708133971293,0.08771929824561404,0.0012025012025012026,1.0
HISPANIC,BEEF,4.751361161524501,0.14912280701754385,0.002044252044252044,1.0
HISPANIC,ONIONS,3.568077803203661,0.07894736842105263,0.0010822510822510823,1.0
HISPANIC,VEGETABLES - ALL OTHERS,3.492161254199328,0.07894736842105263,0.0010822510822510823,1.0
HISPANIC,BAG SNACKS,2.2465675057208236,0.14912280701754385,0.002044252044252044,0.6232837528604118
HISPANIC,BEERS/ALES,1.0131578947368423,0.08771929824561404,0.0012025012025012026,0.006578947368421129
HOUSEHOLD CLEANG NEEDS,BROOMS AND MOPS,20.81602002503129,0.11764705882352941,0.001443001443001443,1.0
HOUSEHOLD CLEANG NEEDS,BEERS/ALES,1.2455882352941177,0.10784313725490195,0.0013227513227513227,0.12279411764705883
ICE CREAM/MILK/SHERBTS,COOKIES/CONES,3.797260273972604,0.06849315068493152,0.0012025012025012026,1.0
ICE CREAM/MILK/SHERBTS,CAKES,2.628872497365648,0.06164383561643836,0.0010822510822510823,0.814436248682824
ICE CREAM/MILK/SHERBTS,BAKED BREAD/BUNS/ROLLS,1.3930166765932104,0.06164383561643836,0.0010822510822510823,0.1965083382966052
IMPORTED WINE,DOMESTIC WINE,12.126608337622232,0.29310344827586204,0.002044252044252044,1.0
IMPORTED WINE,BEERS/ALES,2.3896551724137933,0.20689655172413793,0.001443001443001443,0.6948275862068967
LIQUOR,DOMESTIC WINE,3.9259178559755967,0.09489051094890512,0.0015632515632515633,1.0
LIQUOR,CANNED JUICES,3.1014971495551173,0.10218978102189781,0.0016835016835016834,1.0
LIQUOR,BEERS/ALES,3.035036496350365,0.26277372262773724,0.004329004329004329,1.0
LIQUOR,CIGARETTES,1.4475531779095538,0.1094890510948905,0.0018037518037518038,0.22377658895477692
LUNCHMEAT,BAKED BREAD/BUNS/ROLLS,4.159109095758869,0.18404907975460122,0.0036075036075036075,1.0
LUNCHMEAT,CHEESE,3.5185106833086524,0.06134969325153374,0.0012025012025012026,1.0
LUNCHMEAT,REFRGRATD JUICES/DRNKS,2.8685046936211096,0.08588957055214723,0.0016835016835016834,0.9342523468105548
LUNCHMEAT,BEEF,2.1502009731330656,0.06748466257668712,0.0013227513227513227,0.5751004865665328
LUNCHMEAT,BAG SNACKS,1.478794345158709,0.09815950920245399,0.001924001924001924,0.23939717257935444
LUNCHMEAT,CANDY - CHECKLANE,1.0314763045158335,0.07975460122699386,0.0015632515632515633,0.01573815225791675
MAGAZINE,BOOKSTORE,3.5844827586206893,0.03793103448275861,0.0013227513227513227,1.0
MAGAZINE,WATER - CARBONATED/FLVRD DRINK,1.2795004072766765,0.058620689655172406,0.002044252044252044,0.13975020363833823
MAGAZINE,BREAKFAST SWEETS,1.0843813387423935,0.03103448275862069,0.0010822510822510823,0.042190669371196754
MAGAZINE,GREETING CARDS/WRAP/PARTY SPLY,1.0673397792418926,0.05172413793103448,0.0018037518037518038,0.0336698896209463
MAGAZINE,CIGARETTES,1.0485609341593112,0.0793103448275862,0.0027657527657527657,0.024280467079655588
MAGAZINE,SALAD BAR,1.0173254835996637,0.05517241379310345,0.001924001924001924,0.008662741799831841
MAKEUP AND TREATMENT,HAND/BODY/FACIAL PRODUCTS,13.821606648199445,0.09473684210526315,0.0010822510822510823,1.0
MAKEUP AND TREATMENT,HAIR CARE PRODUCTS,6.203398259428098,0.09473684210526315,0.0010822510822510823,1.0
MAKEUP AND TREATMENT,CANDY - CHECKLANE,1.4975198493901938,0.11578947368421051,0.0013227513227513227,0.2487599246950969
MARGARINES,FLUID MILK PRODUCTS,1.8313767342582712,0.20634920634920637,0.0015632515632515633,0.4156883671291356
MEAT - SHELF STABLE,BAKED BREAD/BUNS/ROLLS,3.8373666940114846,0.16981132075471697,0.0010822510822510823,1.0
MEAT - SHELF STABLE,SOFT DRINKS,1.0972423802612483,0.18867924528301888,0.0012025012025012026,0.04862119013062416
MILK BY-PRODUCTS,BAG SNACKS,3.314347826086956,0.21999999999999997,0.0013227513227513227,1.0
MISC WINE,BEERS/ALES,4.733606557377049,0.4098360655737705,0.0030062530062530063,1.0
MUSHROOMS,ONIONS,12.91304347826087,0.2857142857142857,0.001443001443001443,1.0
NEWSPAPER,BREAKFAST SWEETS,3.0383631713554986,0.08695652173913043,0.002405002405002405,1.0
NEWSPAPER,SALAD BAR,1.7637327677624601,0.09565217391304347,0.0026455026455026454,0.38186638388123006
ONIONS,PEPPERS-ALL,14.866990846681924,0.13586956521739132,0.0030062530062530063,1.0
ONIONS,MUSHROOMS,12.913043478260867,0.06521739130434782,0.001443001443001443,1.0
ONIONS,HERBS,11.100686498855836,0.07608695652173914,0.0016835016835016834,1.0
ONIONS,POTATOES,8.316,0.125,0.0027657527657527657,1.0
ONIONS,TOMATOES,8.104047976011994,0.14130434782608697,0.0031265031265031266,1.0
ONIONS,CARROTS,7.975703324808184,0.04891304347826087,0.0010822510822510823,1.0
ONIONS,VEGETABLES - ALL OTHERS,7.692876965772434,0.1739130434782609,0.003848003848003848,1.0
ONIONS,VEGETABLES - SHELF STABLE,6.847826086956522,0.05434782608695653,0.0012025012025012026,1.0
ONIONS,VEGETABLES SALAD,5.229249011857708,0.07608695652173914,0.0016835016835016834,1.0
ONIONS,HISPANIC,3.5680778032036615,0.04891304347826087,0.0010822510822510823,1.0
ONIONS,BEEF,3.290104947526237,0.10326086956521739,0.002284752284752285,1.0
ONIONS,CITRUS,3.01304347826087,0.04891304347826087,0.0010822510822510823,1.0
ONIONS,SOUP,2.711739130434783,0.04891304347826087,0.0010822510822510823,0.8558695652173915
ONIONS,BAKED BREAD/BUNS/ROLLS,1.105328449905482,0.04891304347826087,0.0010822510822510823,0.052664224952741034
ORAL HYGIENE PRODUCTS,EYE AND EAR CARE PRODUCTS,11.801324503311257,0.059602649006622516,0.0010822510822510823,1.0
ORAL HYGIENE PRODUCTS,SHAVING CARE PRODUCTS,8.260927152317882,0.059602649006622516,0.0010822510822510823,1.0
ORAL HYGIENE PRODUCTS,FIRST AID PRODUCTS,5.55781031654414,0.0728476821192053,0.0013227513227513227,1.0
ORAL HYGIENE PRODUCTS,HAIR CARE PRODUCTS,3.9028002294415187,0.059602649006622516,0.0010822510822510823,1.0
PAPER TOWELS,BATH TISSUES,19.02974828375286,0.15789473684210525,0.0010822510822510823,1.0
PEPPERS-ALL,HERBS,17.277008310249307,0.11842105263157894,0.0010822510822510823,1.0
PEPPERS-ALL,ONIONS,14.866990846681924,0.32894736842105265,0.0030062530062530063,1.0
PEPPERS-ALL,VEGETABLES - ALL OTHERS,11.058510638297873,0.25,0.002284752284752285,1.0
PEPPERS-ALL,HISPANIC,8.638504155124654,0.11842105263157894,0.0010822510822510823,1.0
PEPPERS-ALL,BEEF,4.611615245009074,0.14473684210526314,0.0013227513227513227,1.0
PEPPERS-ALL,TROPICAL FRUIT,2.6331269349845203,0.11842105263157894,0.0010822510822510823,0.8165634674922602
PNT BTR/JELLY/JAMS,BAKED BREAD/BUNS/ROLLS,5.178668478260869,0.22916666666666666,0.0013227513227513227,1.0
PNT BTR/JELLY/JAMS,FLUID MILK PRODUCTS,1.6640875133404482,0.1875,0.0010822510822510823,0.3320437566702241
PORK,BEEF,5.622718052738337,0.17647058823529413,0.001443001443001443,1.0
POTATOES,ONIONS,8.316,0.184,0.0027657527657527657,1.0
POTATOES,VEGETABLES - ALL OTHERS,4.246468085106383,0.096,0.001443001443001443,1.0
POTATOES,BEEF,4.078344827586207,0.128,0.001924001924001924,1.0
POTATOES,BAKED BREAD/BUNS/ROLLS,2.3501739130434784,0.10400000000000001,0.0015632515632515633,0.6750869565217392
POTATOES,TROPICAL FRUIT,2.134588235294118,0.096,0.001443001443001443,0.567294117647059
PREPAID WIRELESS&ACCESSORIES,CIGARETTES,2.7833654087524056,0.2105263157894737,0.001443001443001443,0.8916827043762028
PREPAID WIRELESS&ACCESSORIES,SOFT DRINKS,1.0202429149797572,0.1754385964912281,0.0012025012025012026,0.010121457489878583
PREPARED FOOD,CHICKEN/POULTRY,8.185710770240341,0.1643835616438356,0.004329004329004329,1.0
PREPARED FOOD,ROLLS,4.707347447073475,0.0684931506849315,0.0018037518037518038,1.0
PREPARED FOOD,SALADS/DIPS,4.556712328767123,0.0547945205479452,0.001443001443001443,1.0
PREPARED FOOD,BREAD,2.589041095890411,0.0410958904109589,0.0010822510822510823,0.7945205479452055
PREPARED FOOD,SALAD BAR,1.8523220848646842,0.1004566210045662,0.0026455026455026454,0.4261610424323421
PREPARED FOOD,REFRGRATD JUICES/DRNKS,1.677504538702756,0.0502283105022831,0.0013227513227513227,0.33875226935137803
PREPARED FOOD,SOFT DRINKS,1.4870389884088515,0.2557077625570776,0.006734006734006734,0.24351949420442576
PREPARED FOOD,CANNED JUICES,1.2472752724727527,0.0410958904109589,0.0010822510822510823,0.12363763623637636
PREPARED FOOD,BAG SNACKS,1.1006551518761165,0.0730593607305936,0.001924001924001924,0.050327575938058255
PWDR/CRYSTL DRNK MX,SUGARS/SWEETNERS,18.9,0.3,0.001443001443001443,1.0
REFRGRATD DOUGH PRODUCTS,FLUID MILK PRODUCTS,1.3447171824973319,0.15151515151515152,0.0012025012025012026,0.17235859124866593
REFRGRATD JUICES/DRNKS,LUNCHMEAT,2.8685046936211096,0.056224899598393566,0.0016835016835016834,0.9342523468105548
REFRGRATD JUICES/DRNKS,CHICKEN/POULTRY,2.3998268523194572,0.048192771084337345,0.001443001443001443,0.6999134261597286
REFRGRATD JUICES/DRNKS,BAKED SWEET GOODS,2.059763282203704,0.056224899598393566,0.0016835016835016834,0.5298816411018521
REFRGRATD JUICES/DRNKS,BREAKFAST SWEETS,1.964564138908575,0.056224899598393566,0.0016835016835016834,0.48228206945428753
REFRGRATD JUICES/DRNKS,PREPARED FOOD,1.6775045387027558,0.04417670682730923,0.0013227513227513227,0.3387522693513779
REFRGRATD JUICES/DRNKS,BAKED BREAD/BUNS/ROLLS,1.0890518596123624,0.048192771084337345,0.001443001443001443,0.0445259298061812
REFRGRATD JUICES/DRNKS,FLUID MILK PRODUCTS,1.0336500752208406,0.11646586345381525,0.003487253487253487,0.016825037610420313
ROLLS,CHEESES,8.50909090909091,0.10743801652892564,0.0015632515632515633,1.0
ROLLS,PREPARED FOOD,4.707347447073475,0.12396694214876033,0.0018037518037518038,1.0
ROLLS,BREAKFAST SWEETS,2.598930481283422,0.0743801652892562,0.0010822510822510823,0.7994652406417111
ROLLS,TROPICAL FRUIT,1.837627613028683,0.08264462809917357,0.0012025012025012026,0.4188138065143415
ROSES,GREETING CARDS/WRAP/PARTY SPLY,8.145487788951286,0.39473684210526316,0.0018037518037518038,1.0
SALAD BAR,SALD DRSNG/SNDWCH SPRD,2.8097560975609754,0.03547671840354767,0.001924001924001924,0.9048780487804877
SALAD BAR,SALAD MIX,2.5674590923124425,0.024390243902439025,0.0013227513227513227,0.7837295461562213
SALAD BAR,WATER - CARBONATED/FLVRD DRINK,2.226233915882466,0.10199556541019957,0.005531505531505531,0.613116957941233
SALAD BAR,CHICKEN/POULTRY,2.208266394041186,0.04434589800443459,0.002405002405002405,0.604133197020593
SALAD BAR,APPLES,2.169296987087518,0.031042128603104215,0.0016835016835016834,0.584648493543759
SALAD BAR,PREPARED FOOD,1.8523220848646842,0.04878048780487805,0.0026455026455026454,0.4261610424323421
SALAD BAR,NEWSPAPER,1.7637327677624601,0.04878048780487805,0.0026455026455026454,0.38186638388123006
SALAD BAR,TROPICAL FRUIT,1.7255771488196165,0.07760532150776053,0.004208754208754209,0.3627885744098083
SALAD BAR,SALADS/DIPS,1.6595121951219514,0.019955654101995568,0.0010822510822510823,0.3297560975609757
SALAD BAR,SOFT DRINKS,1.4828586048098245,0.2549889135254989,0.01382876382876383,0.24142930240491223
SALAD BAR,DELI MEATS,1.4653529316750122,0.026607538802660754,0.001443001443001443,0.23267646583750612
SALAD BAR,CRACKERS/MISC BKD FD,1.152439024390244,0.019955654101995568,0.0010822510822510823,0.07621951219512202
SALAD BAR,MAGAZINE,1.0173254835996635,0.03547671840354767,0.001924001924001924,0.00866274179983173
SALAD MIX,SALD DRSNG/SNDWCH SPRD,10.025316455696203,0.12658227848101267,0.0012025012025012026,1.0
SALAD MIX,TOMATOES,7.985683107813181,0.13924050632911392,0.0013227513227513227,1.0
SALAD MIX,SALAD BAR,2.567459092312442,0.13924050632911392,0.0013227513227513227,0.783729546156221
SALADS/DIPS,CHICKEN/POULTRY,4.979640718562874,0.1,0.0012025012025012026,1.0
SALADS/DIPS,PREPARED FOOD,4.556712328767123,0.12,0.001443001443001443,1.0
SALADS/DIPS,BAKED BREAD/BUNS/ROLLS,2.2597826086956525,0.1,0.0012025012025012026,0.6298913043478263
SALADS/DIPS,SALAD BAR,1.6595121951219514,0.09,0.0010822510822510823,0.3297560975609757
SALD DRSNG/SNDWCH SPRD,SALAD MIX,10.025316455696204,0.09523809523809525,0.0012025012025012026,1.0
SALD DRSNG/SNDWCH SPRD,CONDIMENTS/SAUCES,7.575652173913044,0.10476190476190476,0.0013227513227513227,1.0
SALD DRSNG/SNDWCH SPRD,SALAD BAR,2.809756097560976,0.1523809523809524,0.001924001924001924,0.9048780487804879
SANDWICHES,BAG SNACKS,3.275047258979206,0.21739130434782608,0.0018037518037518038,1.0
SANDWICHES,SOFT DRINKS,1.7698996655518398,0.30434782608695654,0.0025252525252525255,0.3849498327759199
SEAFOOD-FRESH,BEERS/ALES,2.4174418604651167,0.20930232558139536,0.0010822510822510823,0.7087209302325583
SHAVING CARE PRODUCTS,ORAL HYGIENE PRODUCTS,8.26092715231788,0.15,0.0010822510822510823,1.0
SINUS AND ALLERGY,COLD AND FLU,9.382153846153846,0.14666666666666667,0.0013227513227513227,1.0
SINUS AND ALLERGY,SOFT DRINKS,1.0855384615384616,0.18666666666666668,0.0016835016835016834,0.04276923076923078
SNACK NUTS,SOFT DRINKS,1.046769230769231,0.18,0.0010822510822510823,0.023384615384615448
SOFT DRINKS,FROZEN PIZZA,1.9938461538461538,0.033566433566433566,0.005772005772005772,0.4969230769230769
SOFT DRINKS,BAG SNACKS,1.8120401337792642,0.12027972027972028,0.02068302068302068,0.4060200668896321
SOFT DRINKS,SANDWICHES,1.7698996655518395,0.014685314685314687,0.0025252525252525255,0.38494983277591976
SOFT DRINKS,PREPARED FOOD,1.4870389884088515,0.039160839160839164,0.006734006734006734,0.24351949420442576
SOFT DRINKS,SALAD BAR,1.4828586048098247,0.08041958041958043,0.01382876382876383,0.24142930240491234
SOFT DRINKS,CRACKERS/MISC BKD FD,1.373076923076923,0.023776223776223775,0.004088504088504088,0.18653846153846154
SOFT DRINKS,CHICKEN/POULTRY,1.3580838323353295,0.027272727272727275,0.00468975468975469,0.17904191616766474
SOFT DRINKS,CANDY - CHECKLANE,1.275224309127886,0.0986013986013986,0.016955266955266956,0.13761215456394305
SOFT DRINKS,FRZN ICE,1.1358173076923077,0.017482517482517484,0.0030062530062530063,0.06790865384615385
SOFT DRINKS,WAREHOUSE SNACKS,1.128358208955224,0.009090909090909092,0.0015632515632515633,0.06417910447761199
SOFT DRINKS,FRZN MEAT/MEAT DINNERS,1.1013986013986015,0.017482517482517484,0.0030062530062530063,0.05069930069930073
SOFT DRINKS,MEAT - SHELF STABLE,1.0972423802612483,0.006993006993006994,0.0012025012025012026,0.04862119013062416
SOFT DRINKS,CONVENIENT BRKFST/WHLSM SNACKS,1.0903846153846153,0.008391608391608392,0.001443001443001443,0.04519230769230764
SOFT DRINKS,SINUS AND ALLERGY,1.0855384615384618,0.009790209790209791,0.0016835016835016834,0.04276923076923089
SOFT DRINKS,WATER - CARBONATED/FLVRD DRINK,1.0531798909751666,0.04825174825174826,0.008297258297258298,0.02658994548758331
SOFT DRINKS,BAKED SWEET GOODS,1.050355811589292,0.028671328671328676,0.004930254930254931,0.02517790579464596
SOFT DRINKS,COOKIES/CONES,1.0467692307692311,0.018881118881118885,0.003246753246753247,0.02338461538461556
SOFT DRINKS,SNACK NUTS,1.046769230769231,0.006293706293706294,0.0010822510822510823,0.023384615384615448
SOFT DRINKS,FD WRAPS/BAGS/TRSH BG,1.0454624027657737,0.01118881118881119,0.001924001924001924,0.022731201382886868
SOFT DRINKS,PREPAID WIRELESS&ACCESSORIES,1.0202429149797572,0.006993006993006994,0.0012025012025012026,0.010121457489878583
SOFT DRINKS,BABY FOODS,1.0162808065720688,0.012587412587412588,0.0021645021645021645,0.008140403286034381
SOUP,CRACKERS/MISC BKD FD,4.62,0.08,0.001443001443001443,1.0
SOUP,ONIONS,2.711739130434783,0.060000000000000005,0.0010822510822510823,0.8558695652173915
SOUP,BEEF,2.336551724137931,0.07333333333333333,0.0013227513227513227,0.6682758620689655
SOUP,TROPICAL FRUIT,1.6305882352941177,0.07333333333333333,0.0013227513227513227,0.31529411764705884
SOUP,BAKED BREAD/BUNS/ROLLS,1.3558695652173915,0.060000000000000005,0.0010822510822510823,0.17793478260869577
SOUP,FLUID MILK PRODUCTS,1.1833511205976524,0.13333333333333336,0.002405002405002405,0.09167556029882618
STATIONERY & SCHOOL SUPPLIES,CHRISTMAS  SEASONAL,6.310038697928523,0.052356020942408384,0.0012025012025012026,1.0
STATIONERY & SCHOOL SUPPLIES,FD WRAPS/BAGS/TRSH BG,4.40284722630743,0.04712041884816754,0.0010822510822510823,1.0
STATIONERY & SCHOOL SUPPLIES,CANDY - PACKAGED,2.1869038227067343,0.11518324607329843,0.0026455026455026454,0.5934519113533672
STATIONERY & SCHOOL SUPPLIES,COUPON/MISC ITEMS,1.7892849458509645,0.04712041884816754,0.0010822510822510823,0.39464247292548227
STATIONERY & SCHOOL SUPPLIES,GREETING CARDS/WRAP/PARTY SPLY,1.2964546009639744,0.06282722513089005,0.001443001443001443,0.14822730048198718
STATIONERY & SCHOOL SUPPLIES,CANDY - CHECKLANE,1.015690521361745,0.07853403141361257,0.0018037518037518038,0.007845260680872546
STONE FRUIT,VALUE ADDED FRUIT,13.643970467596391,0.18867924528301888,0.0012025012025012026,1.0
STONE FRUIT,TROPICAL FRUIT,7.971143174250832,0.3584905660377358,0.002284752284752285,1.0
SUGARS/SWEETNERS,PWDR/CRYSTL DRNK MX,18.9,0.09090909090909091,0.001443001443001443,1.0
SUGARS/SWEETNERS,FLOUR & MEALS,13.186046511627909,0.06818181818181819,0.0010822510822510823,1.0
SUGARS/SWEETNERS,BAKING MIXES,5.7857142857142865,0.06818181818181819,0.0010822510822510823,1.0
SUGARS/SWEETNERS,COFFEE,4.985611510791367,0.08333333333333333,0.0013227513227513227,1.0
SUGARS/SWEETNERS,BAKED BREAD/BUNS/ROLLS,2.0543478260869565,0.09090909090909091,0.001443001443001443,0.5271739130434783
SUGARS/SWEETNERS,FLUID MILK PRODUCTS,1.5464247598719318,0.17424242424242425,0.0027657527657527657,0.2732123799359659
TOBACCO OTHER,CIGARETTES,3.5853520519522513,0.2711864406779661,0.001924001924001924,1.0
TOBACCO OTHER,BEERS/ALES,2.740677966101695,0.23728813559322032,0.0016835016835016834,0.8703389830508474
TOMATOES,VEGETABLES SALAD,14.219435736677116,0.20689655172413793,0.0036075036075036075,1.0
TOMATOES,VEGETABLES - ALL OTHERS,8.846808510638297,0.19999999999999998,0.003487253487253487,1.0
TOMATOES,ONIONS,8.104047976011994,0.1793103448275862,0.0031265031265031266,1.0
TOMATOES,SALAD MIX,7.9856831078131805,0.07586206896551723,0.0013227513227513227,1.0
TOMATOES,VALUE ADDED FRUIT,4.4883958020989505,0.06206896551724138,0.0010822510822510823,1.0
TOMATOES,BREAD,3.910344827586207,0.06206896551724138,0.0010822510822510823,1.0
TOMATOES,BEEF,3.5158145065398334,0.1103448275862069,0.001924001924001924,1.0
TOMATOES,BAKED BREAD/BUNS/ROLLS,3.1169415292353824,0.13793103448275862,0.002405002405002405,1.0
TOMATOES,TROPICAL FRUIT,3.0669371196754565,0.13793103448275862,0.002405002405002405,1.0
TROPICAL FRUIT,STONE FRUIT,7.971143174250832,0.05080213903743316,0.002284752284752285,1.0
TROPICAL FRUIT,BERRIES,6.3,0.045454545454545456,0.002044252044252044,1.0
TROPICAL FRUIT,APPLES,5.418685121107266,0.07754010695187166,0.003487253487253487,1.0
TROPICAL FRUIT,YOGURT,4.991596638655462,0.029411764705882353,0.0013227513227513227,1.0
TROPICAL FRUIT,VALUE ADDED FRUIT,4.833759590792839,0.06684491978609626,0.0030062530062530063,1.0
TROPICAL FRUIT,GRAPES,4.620320855614974,0.04278074866310161,0.001924001924001924,1.0
TROPICAL FRUIT,CITRUS,3.6235294117647063,0.058823529411764705,0.0026455026455026454,1.0
TROPICAL FRUIT,TOMATOES,3.0669371196754565,0.05347593582887701,0.002405002405002405,1.0
TROPICAL FRUIT,VEGETABLES - ALL OTHERS,2.8385481852315397,0.06417112299465241,0.002886002886002886,0.9192740926157699
TROPICAL FRUIT,PEPPERS-ALL,2.6331269349845203,0.024064171122994655,0.0010822510822510823,0.8165634674922602
TROPICAL FRUIT,VEGETABLES SALAD,2.3889158969372875,0.034759358288770054,0.0015632515632515633,0.6944579484686437
TROPICAL FRUIT,CHEESES,2.3294117647058825,0.029411764705882353,0.0013227513227513227,0.6647058823529413
TROPICAL FRUIT,DELI MEATS,2.208804051421893,0.040106951871657755,0.0018037518037518038,0.6044020257109466
TROPICAL FRUIT,DRY BN/VEG/POTATO/RICE,2.1751918158567776,0.024064171122994655,0.0010822510822510823,0.5875959079283888
TROPICAL FRUIT,POTATOES,2.134588235294118,0.03208556149732621,0.001443001443001443,0.567294117647059
TROPICAL FRUIT,ROLLS,1.8376276130286828,0.026737967914438505,0.0012025012025012026,0.4188138065143414
TROPICAL FRUIT,SALAD BAR,1.7255771488196165,0.09358288770053476,0.004208754208754209,0.3627885744098083
TROPICAL FRUIT,SOUP,1.6305882352941177,0.029411764705882353,0.0013227513227513227,0.31529411764705884
TROPICAL FRUIT,EGGS,1.5160427807486634,0.03208556149732621,0.001443001443001443,0.2580213903743317
TROPICAL FRUIT,FLUID MILK PRODUCTS,1.4950091028940926,0.16844919786096257,0.007575757575757576,0.2475045514470463
TROPICAL FRUIT,COOKIES/CONES,1.4823529411764709,0.026737967914438505,0.0012025012025012026,0.24117647058823544
TROPICAL FRUIT,BREAKFAST SWEETS,1.4013840830449826,0.040106951871657755,0.0018037518037518038,0.20069204152249132
TROPICAL FRUIT,CRACKERS/MISC BKD FD,1.3897058823529413,0.024064171122994655,0.0010822510822510823,0.19485294117647067
TROPICAL FRUIT,BAKED BREAD/BUNS/ROLLS,1.2688618925831205,0.056149732620320865,0.0025252525252525255,0.13443094629156027
TROPICAL FRUIT,BAKED SWEET GOODS,1.0774812127494169,0.029411764705882353,0.0013227513227513227,0.03874060637470844
VALUE ADDED FRUIT,BERRIES,16.87304347826087,0.1217391304347826,0.0016835016835016834,1.0
VALUE ADDED FRUIT,STONE FRUIT,13.64397046759639,0.08695652173913043,0.0012025012025012026,1.0
VALUE ADDED FRUIT,GRAPES,9.391304347826088,0.08695652173913043,0.0012025012025012026,1.0
VALUE ADDED FRUIT,TROPICAL FRUIT,4.833759590792839,0.21739130434782608,0.0030062530062530063,1.0
VALUE ADDED FRUIT,TOMATOES,4.48839580209895,0.07826086956521738,0.0010822510822510823,1.0
VEGETABLES - ALL OTHERS,HERBS,14.744680851063832,0.10106382978723405,0.002284752284752285,1.0
VEGETABLES - ALL OTHERS,PEPPERS-ALL,11.058510638297873,0.10106382978723405,0.002284752284752285,1.0
VEGETABLES - ALL OTHERS,CARROTS,9.540675844806007,0.058510638297872335,0.0013227513227513227,1.0
VEGETABLES - ALL OTHERS,TOMATOES,8.846808510638297,0.15425531914893617,0.003487253487253487,1.0
VEGETABLES - ALL OTHERS,VEGETABLES SALAD,8.042553191489361,0.11702127659574467,0.0026455026455026454,1.0
VEGETABLES - ALL OTHERS,ONIONS,7.692876965772433,0.1702127659574468,0.003848003848003848,1.0
VEGETABLES - ALL OTHERS,CITRUS,4.259574468085107,0.06914893617021277,0.0015632515632515633,1.0
VEGETABLES - ALL OTHERS,POTATOES,4.2464680851063825,0.06382978723404255,0.001443001443001443,1.0
VEGETABLES - ALL OTHERS,HISPANIC,3.492161254199328,0.047872340425531915,0.0010822510822510823,1.0
VEGETABLES - ALL OTHERS,TROPICAL FRUIT,2.8385481852315393,0.1276595744680851,0.002886002886002886,0.9192740926157696
VEGETABLES - ALL OTHERS,BEEF,2.0337490829053557,0.06382978723404255,0.001443001443001443,0.5168745414526779
VEGETABLES - ALL OTHERS,BAKED BREAD/BUNS/ROLLS,1.2020120259019427,0.05319148936170213,0.0012025012025012026,0.10100601295097134
VEGETABLES - SHELF STABLE,ONIONS,6.847826086956522,0.15151515151515152,0.0012025012025012026,1.0
VEGETABLES - SHELF STABLE,BEEF,5.310344827586206,0.16666666666666666,0.0013227513227513227,1.0
VEGETABLES SALAD,TOMATOES,14.219435736677116,0.24793388429752067,0.0036075036075036075,1.0
VEGETABLES SALAD,HERBS,10.851674641148326,0.0743801652892562,0.0010822510822510823,1.0
VEGETABLES SALAD,VEGETABLES - ALL OTHERS,8.042553191489363,0.18181818181818182,0.0026455026455026454,1.0
VEGETABLES SALAD,HISPANIC,6.028708133971294,0.08264462809917357,0.0012025012025012026,1.0
VEGETABLES SALAD,ONIONS,5.229249011857708,0.11570247933884298,0.0016835016835016834,1.0
VEGETABLES SALAD,BEEF,3.1598746081504703,0.09917355371900827,0.001443001443001443,1.0
VEGETABLES SALAD,TROPICAL FRUIT,2.388915896937288,0.10743801652892564,0.0015632515632515633,0.694457948468644
VEGETABLES SALAD,BAG SNACKS,1.4940711462450593,0.09917355371900827,0.001443001443001443,0.24703557312252966
WAREHOUSE SNACKS,BAG SNACKS,2.9231018818948735,0.19402985074626866,0.0015632515632515633,0.9615509409474368
WAREHOUSE SNACKS,CANDY - CHECKLANE,1.9303173092546597,0.14925373134328357,0.0012025012025012026,0.46515865462732986
WAREHOUSE SNACKS,BEERS/ALES,1.8962686567164178,0.16417910447761191,0.0013227513227513227,0.4481343283582089
WAREHOUSE SNACKS,SOFT DRINKS,1.128358208955224,0.19402985074626866,0.0015632515632515633,0.06417910447761199
WATER - CARBONATED/FLVRD DRINK,SALAD BAR,2.226233915882466,0.12073490813648294,0.005531505531505531,0.613116957941233
WATER - CARBONATED/FLVRD DRINK,FIRST AID PRODUCTS,1.8022105035035758,0.023622047244094488,0.0010822510822510823,0.4011052517517879
WATER - CARBONATED/FLVRD DRINK,ANALGESICS,1.7231661831744716,0.023622047244094488,0.0010822510822510823,0.3615830915872358
WATER - CARBONATED/FLVRD DRINK,COLD AND FLU,1.6789824348879465,0.026246719160104987,0.0012025012025012026,0.33949121744397326
WATER - CARBONATED/FLVRD DRINK,APPLES,1.6507642427049558,0.023622047244094488,0.0010822510822510823,0.3253821213524779
WATER - CARBONATED/FLVRD DRINK,CANDY - CHECKLANE,1.3578085009980285,0.10498687664041995,0.00481000481000481,0.17890425049901426
WATER - CARBONATED/FLVRD DRINK,DELI MEATS,1.3009334098138394,0.023622047244094488,0.0010822510822510823,0.1504667049069197
WATER - CARBONATED/FLVRD DRINK,MAGAZINE,1.2795004072766765,0.04461942257217848,0.002044252044252044,0.13975020363833823
WATER - CARBONATED/FLVRD DRINK,SOFT DRINKS,1.0531798909751666,0.18110236220472442,0.008297258297258298,0.02658994548758331
WATER - CARBONATED/FLVRD DRINK,CANDY - PACKAGED,1.0464890518822134,0.05511811023622048,0.0025252525252525255,0.02324452594110671
YOGURT,TROPICAL FRUIT,4.991596638655462,0.22448979591836732,0.0013227513227513227,1.0
YOGURT,FLUID MILK PRODUCTS,1.9923768867205365,0.22448979591836732,0.0013227513227513227,0.49618844336026824
